Name,Status,URL,Clean URL,Payouts,Life time,Monitoring,Admin rate,User rate,Funds return,Min deposit,Max deposit,Referral bonus,Payment methods,Plan
Royalty Funds,NOT PAYING,https://royalty-funds.com/?ref=popularhyip,http://royalty-funds.com,7.50%,N/A,4 days,N/A,1845,N/A,$10,$200,6.00%,"['PerfectM', 'Ego', 'Stp']",Plan 3 - 1
Royalty Funds,NOT PAYING,https://royalty-funds.com/?ref=popularhyip,http://royalty-funds.com,5.00%,N/A,1 day,N/A,1779,N/A,$10,$200,6.00%,"['PerfectM', 'Ego', 'Stp']",Plan 1 - 1
Royalty Funds,NOT PAYING,https://royalty-funds.com/?ref=popularhyip,http://royalty-funds.com,5.00%,N/A,2 days,N/A,1617,N/A,$10,$200,6.00%,"['PerfectM', 'Ego', 'Stp']",Plan 2 - 1
Oil Group,NOT PAYING,https://oil-group.biz/?ref=popularhyip,http://oil-group.biz,4.00%,N/A,1 day,N/A,1569,N/A,$10,$500,2.00%,"['PerfectM', 'Ego']",Plan 1 - 1
IncomeAlways,NOT PAYING,https://incomealways.org/?ref=popularhyip,http://incomealways.org,3.33%,N/A,3 days,N/A,1531,N/A,$10,$1000000,6.00%,"['PerfectM', 'Ego', 'Stp']",Plan 1
Grand Capital,NOT PAYING,https://gclimited.biz/?ref=popularhyip,http://gclimited.biz,2.00%,N/A,10 days,N/A,1330,N/A,$10,$1000,5.00%,"['PerfectM', 'Ego', 'Stp']",Plan 1
Oil Group,NOT PAYING,https://oil-group.biz/?ref=popularhyip,http://oil-group.biz,4.40%,N/A,5 days,N/A,1326,N/A,$10,$500,2.00%,"['PerfectM', 'Ego']",Plan 2 - 1
IncomeAlways,NOT PAYING,https://incomealways.org/?ref=popularhyip,http://incomealways.org,3.33%,N/A,9 days,N/A,1317,N/A,$10,$1000000,6.00%,"['PerfectM', 'Ego', 'Stp']",Plan 2
Sixa Limited,NOT PAYING,https://www.sixa.biz/?ref=popularhyip,http://www.sixa.biz,4.00%,N/A,1 day,N/A,1275,N/A,$10,$500,3.00%,"['PerfectM', 'Ego', 'Stp']",Plan 1 - 1
IncomeAlways,NOT PAYING,https://incomealways.org/?ref=popularhyip,http://incomealways.org,3.61%,N/A,18 days,N/A,1252,N/A,$10,$1000000,6.00%,"['PerfectM', 'Ego', 'Stp']",Plan 3
billionairesgroup,NOT PAYING,https://www.billionairesgroup.org/?ref=popularhyip,http://www.billionairesgroup.org,4.76%,N/A,30 days,N/A,1213,N/A,$10,$100,10.00%,['PerfectM'],Plan 3 - 1
Sixa Limited,NOT PAYING,https://www.sixa.biz/?ref=popularhyip,http://www.sixa.biz,4.30%,N/A,2 days,N/A,1207,N/A,$10,$500,3.00%,"['PerfectM', 'Ego', 'Stp']",Plan 2 - 1
Oil Group,NOT PAYING,https://oil-group.biz/?ref=popularhyip,http://oil-group.biz,4.67%,N/A,15 days,N/A,1178,N/A,$10,$500,2.00%,"['PerfectM', 'Ego']",Plan 3 - 1
Pure Income,NOT PAYING,https://pureincome.com/?ref=24990,http://pureincome.com,2.30%,N/A,365 days,N/A,1130,N/A,$10,$1000000,5.00%,"['PerfectM', 'Bankwire', 'Ego']",Plan 1
Grand Capital,NOT PAYING,https://gclimited.biz/?ref=popularhyip,http://gclimited.biz,2.20%,N/A,20 days,N/A,1092,N/A,$300,$3000,5.00%,"['PerfectM', 'Ego', 'Stp']",Plan 2
Sixa Limited,NOT PAYING,https://www.sixa.biz/?ref=popularhyip,http://www.sixa.biz,4.40%,N/A,5 days,N/A,1078,N/A,$10,$500,3.00%,"['PerfectM', 'Ego', 'Stp']",Plan 3 - 1
Ball Invest,NOT PAYING,https://ballinvest.com/?ref=popularhyip,http://ballinvest.com,5.33%,N/A,3 days,N/A,1056,N/A,$20,$1499,3.00%,"['PerfectM', 'Ego']",Plan 2 - 1
Grand Capital,NOT PAYING,https://gclimited.biz/?ref=popularhyip,http://gclimited.biz,2.40%,N/A,30 days,N/A,1041,N/A,$400,$7000,5.00%,"['PerfectM', 'Ego', 'Stp']",Plan 3
Empire Finance Group,NOT PAYING,https://empfinance.com/?ref=popularhyip,http://empfinance.com,0.93%,N/A,45 days,N/A,1039,N/A,$100,$999,2.00%,"['PerfectM', 'Ego']",Fast Start
Empire Finance Group,NOT PAYING,https://empfinance.com/?ref=popularhyip,http://empfinance.com,0.93%,N/A,45 days,N/A,1039,N/A,$100,$999,2.00%,"['PerfectM', 'Ego']",Fast Start
Aurora,NOT PAYING,https://www.auroranp.com/?r=popularhyip,http://www.auroranp.com,4.00%,N/A,1 day,N/A,1017,N/A,$10,$500,5.00%,"['PerfectM', 'Ego']",Plan 1 - 1
Aurora,NOT PAYING,https://www.auroranp.com/?r=popularhyip,http://www.auroranp.com,5.00%,N/A,3 days,N/A,990,N/A,$10,$500,5.00%,"['PerfectM', 'Ego']",Plan 2 - 1
Ball Invest,NOT PAYING,https://ballinvest.com/?ref=popularhyip,http://ballinvest.com,4.67%,N/A,3 days,N/A,981,N/A,$5,$1499,3.00%,"['PerfectM', 'Ego']",Plan 1 - 1
Strong Inv,NOT PAYING,https://stronginv.com/?ref=popularhyip,http://stronginv.com,2.50%,N/A,60 days,N/A,980,N/A,$10,$10000,5.00%,"['PerfectM', 'Ego', 'Stp']",Plan 1
Aurora,NOT PAYING,https://www.auroranp.com/?r=popularhyip,http://www.auroranp.com,6.00%,N/A,7 days,N/A,976,N/A,$10,$500,5.00%,"['PerfectM', 'Ego']",Plan 3 - 1
Ball Invest,NOT PAYING,https://ballinvest.com/?ref=popularhyip,http://ballinvest.com,5.71%,N/A,7 days,N/A,976,N/A,$20,$1499,3.00%,"['PerfectM', 'Ego']",Plan 3 - 1
RFI Group,NOT PAYING,http://rfigrp.com/10262.php,http://rfigrp.com,1.00%,N/A,100 days,N/A,940,N/A,$10,$1999,-,"['PerfectM', 'Bankwire', 'Ego']",Plan 1
Genius Capital Limited,NOT PAYING,https://www.geniuscapital.net/?ref=GCL622606,http://www.geniuscapital.net,1.43%,N/A,15 days,N/A,917,N/A,$10,$10000,5.00%,"['PerfectM', 'Ego', 'Stp']",Plan 1
Kings Of Profit,NOT PAYING,https://kingsofprofit.biz/?ref=popularhyip,http://kingsofprofit.biz,3.00%,N/A,1 day,N/A,880,N/A,$10,$3000,1.00%,"['PerfectM', 'Ego']",Plan 1 - 1
FX-9,NOT PAYING,https://fx-9.net/?ref=popularhyip,http://fx-9.net,2.72%,N/A,29 days,N/A,829,N/A,$200,$1000,4.00%,"['PerfectM', 'BitCoin', 'Ego', 'Stp']",Plan 2 - 1
Investage,NOT PAYING,https://invest-age.com/?ref=popularhyip,http://invest-age.com,1.80%,N/A,18 days,N/A,825,N/A,$10,$1000000,4.00%,"['PerfectM', 'Bankwire', 'Ego']",Plan 1
FutureYieldsIncome,NOT PAYING,https://fyincome.com/?ref=popularhyip,http://fyincome.com,12.00%,N/A,20 days,N/A,783,N/A,$10,$50000,6.00%,"['PerfectM', 'Ego', 'Stp']",Plan 1
Investage,NOT PAYING,https://invest-age.com/?ref=popularhyip,http://invest-age.com,1.95%,N/A,36 days,N/A,783,N/A,$50,$1000000,4.00%,"['PerfectM', 'Bankwire', 'Ego']",Plan 2
DC Grand Ltd.,NOT PAYING,https://dcgrand.com/?ref=popularhyip,http://dcgrand.com,4.00%,N/A,1 day,N/A,778,N/A,$10,$500,3.00%,"['PerfectM', 'Ego']",Plan 1 - 1
Kings Of Profit,NOT PAYING,https://kingsofprofit.biz/?ref=popularhyip,http://kingsofprofit.biz,4.00%,N/A,8 days,N/A,775,N/A,$10,$3000,1.00%,"['PerfectM', 'Ego']",Plan 3 - 1
RFI Group,NOT PAYING,http://rfigrp.com/10262.php,http://rfigrp.com,1.60%,N/A,130 days,N/A,765,N/A,$2000,$9999,-,"['PerfectM', 'Bankwire', 'Ego']",Plan 2
Kings Of Profit,NOT PAYING,https://kingsofprofit.biz/?ref=popularhyip,http://kingsofprofit.biz,3.25%,N/A,4 days,N/A,760,N/A,$10,$3000,1.00%,"['PerfectM', 'Ego']",Plan 2 - 1
Investage,NOT PAYING,https://invest-age.com/?ref=popularhyip,http://invest-age.com,2.04%,N/A,54 days,N/A,759,N/A,$100,$1000000,4.00%,"['PerfectM', 'Bankwire', 'Ego']",Plan 3
Empire Finance Group,NOT PAYING,https://empfinance.com/?ref=popularhyip,http://empfinance.com,1.07%,N/A,80 days,N/A,754,N/A,$1000,$4999,2.00%,"['PerfectM', 'Ego']",First Capital
Empire Finance Group,NOT PAYING,https://empfinance.com/?ref=popularhyip,http://empfinance.com,1.07%,N/A,80 days,N/A,754,N/A,$1000,$4999,2.00%,"['PerfectM', 'Ego']",First Capital
Genius Capital Limited,NOT PAYING,https://www.geniuscapital.net/?ref=GCL622606,http://www.geniuscapital.net,1.79%,N/A,30 days,N/A,749,N/A,$500,$50000,5.00%,"['PerfectM', 'Ego', 'Stp']",Plan 2
Strong Inv,NOT PAYING,https://stronginv.com/?ref=popularhyip,http://stronginv.com,2.67%,N/A,120 days,N/A,735,N/A,$500,$100000,5.00%,"['PerfectM', 'Ego', 'Stp']",Plan 3
Strong Inv,NOT PAYING,https://stronginv.com/?ref=popularhyip,http://stronginv.com,1.89%,N/A,90 days,N/A,720,N/A,$200,$20000,5.00%,"['PerfectM', 'Ego', 'Stp']",Plan 2
FX-9,NOT PAYING,https://fx-9.net/?ref=popularhyip,http://fx-9.net,2.63%,N/A,49 days,N/A,715,N/A,$300,$1000,4.00%,"['PerfectM', 'BitCoin', 'Ego', 'Stp']",Plan 3 - 1
DC Grand Ltd.,NOT PAYING,https://dcgrand.com/?ref=popularhyip,http://dcgrand.com,4.00%,N/A,2 days,N/A,707,N/A,$10,$500,3.00%,"['PerfectM', 'Ego']",Plan 2 - 1
Genius Capital Limited,NOT PAYING,https://www.geniuscapital.net/?ref=GCL622606,http://www.geniuscapital.net,2.14%,N/A,60 days,N/A,677,N/A,$1000,$100000,5.00%,"['PerfectM', 'Ego', 'Stp']",Plan 3
DC Grand Ltd.,NOT PAYING,https://dcgrand.com/?ref=popularhyip,http://dcgrand.com,4.40%,N/A,5 days,N/A,657,N/A,$10,$500,3.00%,"['PerfectM', 'Ego']",Plan 3 - 1
CatenaFinance,NOT PAYING,https://www.catenafinance.com/?ref=popularhyip,http://www.catenafinance.com,1.57%,N/A,385 days,N/A,650,N/A,$1,$1000000,5.00%,"['PerfectM', 'Ego', 'Stp']",Plan 2
Multi Power Ventures,NOT PAYING,https://multipowerventures.com/?ref=popularhyip,http://multipowerventures.com,3.13%,N/A,8 days,N/A,641,N/A,$10,$500,3.00%,"['PerfectM', 'Bankwire', 'BitCoin', 'Ego', 'Stp']",Plan 3 - 1
FINANC Group,NOT PAYING,https://fin-corporation.com/?ref=popularhyip,http://fin-corporation.com,1.40%,N/A,30 days,N/A,632,N/A,$10,$1000,5.00%,"['PerfectM', 'Ego', 'Stp']",Plan 1
RFI Group,NOT PAYING,http://rfigrp.com/10262.php,http://rfigrp.com,2.00%,N/A,150 days,N/A,631,N/A,$10000,$500000,-,"['PerfectM', 'Bankwire', 'Ego']",Plan 3
Multi Power Ventures,NOT PAYING,https://multipowerventures.com/?ref=popularhyip,http://multipowerventures.com,2.50%,N/A,4 days,N/A,623,N/A,$10,$500,3.00%,"['PerfectM', 'Bankwire', 'BitCoin', 'Ego', 'Stp']",Plan 2 - 1
Empire Finance Group,NOT PAYING,https://empfinance.com/?ref=popularhyip,http://empfinance.com,1.21%,N/A,100 days,N/A,621,N/A,$5000,$1000000,2.00%,"['PerfectM', 'Ego']",Business
Empire Finance Group,NOT PAYING,https://empfinance.com/?ref=popularhyip,http://empfinance.com,1.21%,N/A,100 days,N/A,621,N/A,$5000,$1000000,2.00%,"['PerfectM', 'Ego']",Business
CatenaFinance,NOT PAYING,https://www.catenafinance.com/?ref=popularhyip,http://www.catenafinance.com,1.43%,N/A,365 days,N/A,617,N/A,$1,$1000000,5.00%,"['PerfectM', 'Ego', 'Stp']",Plan 1
Multi Power Ventures,NOT PAYING,https://multipowerventures.com/?ref=popularhyip,http://multipowerventures.com,2.00%,N/A,2 days,N/A,605,N/A,$10,$500,3.00%,"['PerfectM', 'Bankwire', 'BitCoin', 'Ego', 'Stp']",Plan 1 - 1
LoanClicks.com,NOT PAYING,http://loanclicks.com/?s=POPULARHYIP,http://loanclicks.com,1.43%,N/A,80 days,N/A,593,N/A,$30,$499,5.00%,"['PerfectM', 'Bankwire', 'Stp']",Plan 1
SclassInv,NOT PAYING,https://www.sclassinv.com/?ref=popularhyip,http://www.sclassinv.com,3.00%,N/A,1 day,N/A,585,N/A,$20,$1500,3.00%,"['PerfectM', 'Ego']",Plan 1 - 1
AmberShares,NOT PAYING,https://ambershares.com/?ref=popularhyip,http://ambershares.com,4.00%,N/A,1 day,N/A,581,N/A,$8,$500,4.00%,"['PerfectM', 'Ego', 'Stp']",Plan 1 - 1
SclassInv,NOT PAYING,https://www.sclassinv.com/?ref=popularhyip,http://www.sclassinv.com,3.50%,N/A,2 days,N/A,580,N/A,$20,$1500,3.00%,"['PerfectM', 'Ego']",Plan 2 - 1
Stable Profit,NOT PAYING,https://stableprofit.biz/?ref=popularhyip,http://stableprofit.biz,3.00%,N/A,20 days,N/A,572,N/A,$10,$4999,5.00%,"['PerfectM', 'Ego']",Plan 1 - 1
invoil.net,NOT PAYING,https://www.invoil.net/index.php?ref=popularhyip,http://www.invoil.net,3.00%,N/A,75 days,N/A,566,N/A,$10,$100000,5.00%,"['PerfectM', 'Ego', 'Stp']",Plan 1
billionairesgroup,NOT PAYING,https://www.billionairesgroup.org/?ref=popularhyip,http://www.billionairesgroup.org,1.57%,N/A,100 days,N/A,556,N/A,$10,$100,10.00%,['PerfectM'],Plan 2 - 1
AmberShares,NOT PAYING,https://ambershares.com/?ref=popularhyip,http://ambershares.com,4.67%,N/A,3 days,N/A,545,N/A,$8,$500,4.00%,"['PerfectM', 'Ego', 'Stp']",Plan 2 - 1
SclassInv,NOT PAYING,https://www.sclassinv.com/?ref=popularhyip,http://www.sclassinv.com,3.33%,N/A,3 days,N/A,533,N/A,$20,$2500,3.00%,"['PerfectM', 'Ego']",Plan 3 - 1
AmberShares,NOT PAYING,https://ambershares.com/?ref=popularhyip,http://ambershares.com,5.00%,N/A,5 days,N/A,527,N/A,$8,$500,4.00%,"['PerfectM', 'Ego', 'Stp']",Plan 3 - 1
LoanClicks.com,NOT PAYING,http://loanclicks.com/?s=POPULARHYIP,http://loanclicks.com,1.64%,N/A,80 days,N/A,510,N/A,$500,$999,5.00%,"['PerfectM', 'Bankwire', 'Stp']",Plan 2
LoanClicks.com,NOT PAYING,http://loanclicks.com/?s=POPULARHYIP,http://loanclicks.com,1.93%,N/A,80 days,N/A,504,N/A,$1000,$4999,5.00%,"['PerfectM', 'Bankwire', 'Stp']",Plan 3
FutureYieldsIncome,NOT PAYING,https://fyincome.com/?ref=popularhyip,http://fyincome.com,3.33%,N/A,3 days,N/A,495,N/A,$10,$1000,6.00%,"['PerfectM', 'Ego', 'Stp']",Plan 2
Solomon Hit,NOT PAYING,https://solomonhit.com/?ref=popularhyip,http://solomonhit.com,1.20%,N/A,25 days,N/A,493,N/A,$5,$300,5.00%,"['PerfectM', 'Ego', 'Stp']",Plan 1
Bank of Belize,NOT PAYING,http://bank-of-belize.com/?ref=popularhyip,http://bank-of-belize.com,0.57%,N/A,500 days,N/A,491,N/A,$50,$1000,2.00%,['PerfectM'],Plan 1
Stable Profit,NOT PAYING,https://stableprofit.biz/?ref=popularhyip,http://stableprofit.biz,4.00%,N/A,40 days,N/A,483,N/A,$500,$4999,5.00%,"['PerfectM', 'Ego']",Plan 2 - 1
Best Eight,NOT PAYING,https://best-eight.com/?ref=popularhyip,http://best-eight.com,3.16%,N/A,28 days,N/A,482,N/A,$8,$88888,4.00%,"['PerfectM', 'Ego', 'Stp']",Plan 1
FX-9,NOT PAYING,https://fx-9.net/?ref=popularhyip,http://fx-9.net,1.03%,N/A,79 days,N/A,466,N/A,$10,$1000,4.00%,"['PerfectM', 'BitCoin', 'Ego', 'Stp']",Plan 1 - 1
Mighty Assets,NOT PAYING,https://www.mightyassets.com/index.php?ref=popularhyip,http://www.mightyassets.com,2.00%,N/A,50 days,N/A,464,N/A,$10,$100000,5.00%,"['PerfectM', 'Ego', 'Stp']",Plan 1
FutureYieldsIncome,NOT PAYING,https://fyincome.com/?ref=popularhyip,http://fyincome.com,3.75%,N/A,8 days,N/A,462,N/A,$10,$10000,6.00%,"['PerfectM', 'Ego', 'Stp']",Plan 3
FINANC Group,NOT PAYING,https://fin-corporation.com/?ref=popularhyip,http://fin-corporation.com,1.60%,N/A,45 days,N/A,458,N/A,$1000,$6000,5.00%,"['PerfectM', 'Ego', 'Stp']",Plan 2
Solomon Hit,NOT PAYING,https://solomonhit.com/?ref=popularhyip,http://solomonhit.com,1.60%,N/A,45 days,N/A,456,N/A,$301,$1000,5.00%,"['PerfectM', 'Ego', 'Stp']",Plan 2
WindStockEnergy,NOT PAYING,https://windstockenergy.com/?ref=popularhyip,http://windstockenergy.com,3.50%,N/A,10 days,N/A,455,N/A,$5,$250,5.00%,"['PerfectM', 'Ego', 'Stp']",Plan 1
ProfitsMakers,NOT PAYING,https://profitsmakers.com/?ref=popularhyip,http://profitsmakers.com,8.33%,N/A,6 days,N/A,448,N/A,$8,$800,7.00%,['PerfectM'],Plan 3 - 1
billionairesgroup,NOT PAYING,https://www.billionairesgroup.org/?ref=popularhyip,http://www.billionairesgroup.org,1.38%,N/A,365 days,N/A,433,N/A,$1,$100,10.00%,['PerfectM'],Plan 1 - 1
WindStockEnergy,NOT PAYING,https://windstockenergy.com/?ref=popularhyip,http://windstockenergy.com,4.00%,N/A,10 days,N/A,429,N/A,$251,$500,5.00%,"['PerfectM', 'Ego', 'Stp']",Plan 2
Solomon Hit,NOT PAYING,https://solomonhit.com/?ref=popularhyip,http://solomonhit.com,2.00%,N/A,60 days,N/A,416,N/A,$1001,$3000,5.00%,"['PerfectM', 'Ego', 'Stp']",Plan 3
OilAssetsFinance,NOT PAYING,https://oilassets.biz/?ref=popularhyip,http://oilassets.biz,3.50%,N/A,1 day,N/A,413,N/A,$20,$50000,5.00%,"['PerfectM', 'Ego', 'Stp']",Plan 1
WindStockEnergy,NOT PAYING,https://windstockenergy.com/?ref=popularhyip,http://windstockenergy.com,4.50%,N/A,10 days,N/A,413,N/A,$501,$1000,5.00%,"['PerfectM', 'Ego', 'Stp']",Plan 3
Gold Capital Co,NOT PAYING,https://goldcapitalco.com/?ref=popularhyip,http://goldcapitalco.com,1.40%,N/A,5 days,N/A,409,N/A,$20,$3499,5.00%,"['PerfectM', 'Ego', 'Stp']",Plan 1
ProfitsMakers,NOT PAYING,https://profitsmakers.com/?ref=popularhyip,http://profitsmakers.com,4.00%,N/A,1 day,N/A,381,N/A,$8,$800,7.00%,['PerfectM'],Plan 1 - 1
OilAssetsFinance,NOT PAYING,https://oilassets.biz/?ref=popularhyip,http://oilassets.biz,4.00%,N/A,5 days,N/A,356,N/A,$5,$50000,5.00%,"['PerfectM', 'Ego', 'Stp']",Plan 2
Zeus Invest,NOT PAYING,https://zeus-invest.com/?ref=popularhyip,http://zeus-invest.com,0.90%,N/A,5 days,N/A,349,N/A,$10,$250,10.00%,"['PerfectM', 'Ego', 'Stp']",Plan 1
OilAssetsFinance,NOT PAYING,https://oilassets.biz/?ref=popularhyip,http://oilassets.biz,4.50%,N/A,10 days,N/A,346,N/A,$10,$50000,5.00%,"['PerfectM', 'Ego', 'Stp']",Plan 3
Gold Capital Co,NOT PAYING,https://goldcapitalco.com/?ref=popularhyip,http://goldcapitalco.com,4.60%,N/A,5 days,N/A,330,N/A,$8000,$1000000,5.00%,"['PerfectM', 'Ego', 'Stp']",Plan 3
Stable Profit,NOT PAYING,https://stableprofit.biz/?ref=popularhyip,http://stableprofit.biz,3.50%,N/A,20 days,N/A,317,N/A,$5000,$9999,5.00%,"['PerfectM', 'Ego']",Plan 1 - 2
ProfitsMakers,NOT PAYING,https://profitsmakers.com/?ref=popularhyip,http://profitsmakers.com,3.67%,N/A,3 days,N/A,312,N/A,$8,$800,7.00%,['PerfectM'],Plan 2 - 1
Gold Capital Co,NOT PAYING,https://goldcapitalco.com/?ref=popularhyip,http://goldcapitalco.com,2.50%,N/A,5 days,N/A,312,N/A,$3500,$7999,5.00%,"['PerfectM', 'Ego', 'Stp']",Plan 2
FINANC Group,NOT PAYING,https://fin-corporation.com/?ref=popularhyip,http://fin-corporation.com,1.80%,N/A,90 days,N/A,303,N/A,$6000,$90000,5.00%,"['PerfectM', 'Ego', 'Stp']",Plan 3
Zeus Invest,NOT PAYING,https://zeus-invest.com/?ref=popularhyip,http://zeus-invest.com,1.00%,N/A,10 days,N/A,294,N/A,$251,$500,10.00%,"['PerfectM', 'Ego', 'Stp']",Plan 2
ExcelCapital,NOT PAYING,https://excelcapital.biz/?ref=popularhyip,http://excelcapital.biz,2.29%,N/A,25 days,N/A,283,N/A,$500,$50000,5.00%,['PerfectM'],Plan 3
PipsinInvestments,NOT PAYING,https://pipsin.net/?ref=popularhyip,http://pipsin.net,1.30%,N/A,15 days,N/A,282,N/A,$5,$99,-,"['PerfectM', 'Ego']",Plan 1
Prime Energy,NOT PAYING,https://prime-energy.biz/?uplineID=167,http://prime-energy.biz,1.40%,N/A,20 days,N/A,279,N/A,$10,$299,5.00%,"['PerfectM', 'Ego', 'Stp']",Plan 1
PipsinInvestments,NOT PAYING,https://pipsin.net/?ref=popularhyip,http://pipsin.net,1.50%,N/A,30 days,N/A,278,N/A,$5,$199,-,"['PerfectM', 'Ego']",Plan 2
ExcelCapital,NOT PAYING,https://excelcapital.biz/?ref=popularhyip,http://excelcapital.biz,1.43%,N/A,25 days,N/A,277,N/A,$10,$50000,5.00%,['PerfectM'],Plan 1
PipsinInvestments,NOT PAYING,https://pipsin.net/?ref=popularhyip,http://pipsin.net,2.00%,N/A,50 days,N/A,274,N/A,$200,$1000000,-,"['PerfectM', 'Ego']",Plan 3
ExcelCapital,NOT PAYING,https://excelcapital.biz/?ref=popularhyip,http://excelcapital.biz,1.86%,N/A,25 days,N/A,272,N/A,$300,$50000,5.00%,['PerfectM'],Plan 2
Zeus Invest,NOT PAYING,https://zeus-invest.com/?ref=popularhyip,http://zeus-invest.com,1.10%,N/A,15 days,N/A,265,N/A,$501,$1000,10.00%,"['PerfectM', 'Ego', 'Stp']",Plan 3
Wealthers,NOT PAYING,https://www.wealthers.com/?ref=popularhyip,http://www.wealthers.com,1.07%,N/A,120 days,N/A,255,N/A,$1,$1000000,4.00%,"['PerfectM', 'Ego', 'Stp']",Plan 1
Weltex,NOT PAYING,https://www.weltex.biz/?ref=popularhyip,http://www.weltex.biz,5.00%,N/A,2 days,N/A,253,N/A,$20,$500,5.00%,"['PerfectM', 'Ego']",Plan 2 - 1
Crest Funds,NOT PAYING,https://crestfunds.com/?ref=popularhyip,http://crestfunds.com,1.00%,N/A,30 days,N/A,251,N/A,$10,$500,-,"['PerfectM', 'Ego', 'Stp']",Plan 1
Prime Energy,NOT PAYING,https://prime-energy.biz/?uplineID=167,http://prime-energy.biz,1.70%,N/A,30 days,N/A,251,N/A,$300,$999,5.00%,"['PerfectM', 'Ego', 'Stp']",Plan 2
Crest Funds,NOT PAYING,https://crestfunds.com/?ref=popularhyip,http://crestfunds.com,1.29%,N/A,90 days,N/A,248,N/A,$100,$10000,-,"['PerfectM', 'Ego', 'Stp']",Plan 3
Weltex,NOT PAYING,https://www.weltex.biz/?ref=popularhyip,http://www.weltex.biz,6.00%,N/A,5 days,N/A,247,N/A,$20,$500,5.00%,"['PerfectM', 'Ego']",Plan 3 - 1
Weltex,NOT PAYING,https://www.weltex.biz/?ref=popularhyip,http://www.weltex.biz,4.00%,N/A,1 day,N/A,246,N/A,$20,$500,5.00%,"['PerfectM', 'Ego']",Plan 1 - 1
Crest Funds,NOT PAYING,https://crestfunds.com/?ref=popularhyip,http://crestfunds.com,1.14%,N/A,60 days,N/A,245,N/A,$50,$5000,-,"['PerfectM', 'Ego', 'Stp']",Plan 2
Indigo Hill,NOT PAYING,https://www.indigohillinv.com/?ref=popularhyip,http://www.indigohillinv.com,2.50%,N/A,30 days,N/A,245,N/A,$50,$250000,4.00%,"['PerfectM', 'Bankwire', 'Ego']",Plan 1
Gener 8 Profit,NOT PAYING,https://gener8profit.com/?ref=popularhyip,http://gener8profit.com,1.33%,N/A,15 days,N/A,224,N/A,$10,$20000,4.00%,"['PerfectM', 'Ego']",Plan 1
Prime Energy,NOT PAYING,https://prime-energy.biz/?uplineID=167,http://prime-energy.biz,2.10%,N/A,60 days,N/A,214,N/A,$1000,$2999,5.00%,"['PerfectM', 'Ego', 'Stp']",Plan 3
IMBUE Capital,NOT PAYING,https://imbue-capital.com/?prcode=Cy2xzb,http://imbue-capital.com,0.90%,N/A,20 days,N/A,211,N/A,$20,$199,6.00%,"['PerfectM', 'Ego', 'Stp']",Plan 1
HIGH PRO,NOT PAYING,https://HighPro.Biz/?ref=popularhyip,http://HighPro.Biz,7.80%,N/A,5 days,N/A,206,N/A,$10,$500,4.00%,"['PerfectM', 'Ego']",Plan 3 - 1
IMBUE Capital,NOT PAYING,https://imbue-capital.com/?prcode=Cy2xzb,http://imbue-capital.com,1.20%,N/A,40 days,N/A,203,N/A,$200,$499,6.00%,"['PerfectM', 'Ego', 'Stp']",Plan 2
HIGH PRO,NOT PAYING,https://HighPro.Biz/?ref=popularhyip,http://HighPro.Biz,5.00%,N/A,1 day,N/A,201,N/A,$10,$500,4.00%,"['PerfectM', 'Ego']",Plan 1 - 1
PokerByProxy,NOT PAYING,https://pokerbyproxy.com/referral/popularhyip.html,http://pokerbyproxy.com,4.44%,N/A,lifetime,N/A,201,N/A,$25,$50000,-,"['PerfectM', 'Bankwire', 'BitCoin', 'Ego', 'Stp']",Plan 1
GreenHillHoldings,NOT PAYING,https://greenhillholdings.net/ref=popularhyip,http://greenhillholdings.net,1.31%,N/A,24 days,N/A,191,N/A,$20,$599,6.00%,"['PerfectM', 'Bankwire', 'Ego', 'Stp']",Plan 1
HIGH PRO,NOT PAYING,https://HighPro.Biz/?ref=popularhyip,http://HighPro.Biz,5.67%,N/A,3 days,N/A,185,N/A,$10,$500,4.00%,"['PerfectM', 'Ego']",Plan 2 - 1
IIG,NOT PAYING,https://industrialinvestgroup.com/direct.popularhyip,http://industrialinvestgroup.com,1.50%,N/A,25 days,N/A,183,N/A,$101,$500,3.00%,['PerfectM'],Plan 2
IMBUE Capital,NOT PAYING,https://imbue-capital.com/?prcode=Cy2xzb,http://imbue-capital.com,1.50%,N/A,80 days,N/A,183,N/A,$500,$999,6.00%,"['PerfectM', 'Ego', 'Stp']",Plan 3
30minutes,NOT PAYING,http://www.30minutes.biz/?ref=pophyip,http://www.30minutes.biz,4.14%,N/A,23 days,N/A,182,N/A,$100,$5000,8.00%,['PerfectM'],Plan 2
GreenHillHoldings,NOT PAYING,https://greenhillholdings.net/ref=popularhyip,http://greenhillholdings.net,1.67%,N/A,24 days,N/A,168,N/A,$600,$2999,6.00%,"['PerfectM', 'Bankwire', 'Ego', 'Stp']",Plan 2
IIG,NOT PAYING,https://industrialinvestgroup.com/direct.popularhyip,http://industrialinvestgroup.com,1.00%,N/A,10 days,N/A,167,N/A,$1,$100,3.00%,['PerfectM'],Plan 1
Engineer Investments,NOT PAYING,https://engineer-inv.com/?ref=popularhyip,http://engineer-inv.com,3.67%,N/A,30 days,N/A,158,N/A,$500,$3000,5.00%,"['PerfectM', 'BitCoin', 'Ego', 'Stp']",Plan 2
30minutes,NOT PAYING,http://www.30minutes.biz/?ref=pophyip,http://www.30minutes.biz,3.21%,N/A,27 days,N/A,155,N/A,$10,$1000,8.00%,['PerfectM'],Plan 1
IIG,NOT PAYING,https://industrialinvestgroup.com/direct.popularhyip,http://industrialinvestgroup.com,1.90%,N/A,50 days,N/A,151,N/A,$501,$2000,3.00%,['PerfectM'],Plan 3
30minutes,NOT PAYING,http://www.30minutes.biz/?ref=pophyip,http://www.30minutes.biz,5.36%,N/A,24 days,N/A,149,N/A,$1000,$50000,8.00%,['PerfectM'],Plan 3
Engineer Investments,NOT PAYING,https://engineer-inv.com/?ref=popularhyip,http://engineer-inv.com,5.67%,N/A,30 days,N/A,143,N/A,$3000,$10000,5.00%,"['PerfectM', 'BitCoin', 'Ego', 'Stp']",Plan 3
Brows & CO Corp,NOT PAYING,https://browsgroup.com/?userid=33,http://browsgroup.com,0.35%,N/A,lifetime,N/A,142,N/A,$50,$50000,5.00%,"['PerfectM', 'Bankwire', 'BitCoin', 'Ego']",Plan 1
GreenHillHoldings,NOT PAYING,https://greenhillholdings.net/ref=popularhyip,http://greenhillholdings.net,2.02%,N/A,24 days,N/A,138,N/A,$3000,$100000,6.00%,"['PerfectM', 'Bankwire', 'Ego', 'Stp']",Plan 3
Brows & CO Corp,NOT PAYING,https://browsgroup.com/?userid=33,http://browsgroup.com,0.32%,N/A,lifetime,N/A,135,N/A,$50,$30000,5.00%,"['PerfectM', 'Bankwire', 'BitCoin', 'Ego']",Plan 3
Stable Capital Group,NOT PAYING,https://www.stablecapitalgroup.net/?ref=popularhyip,http://www.stablecapitalgroup.net,0.93%,N/A,80 days,N/A,131,N/A,$20,$1000,-,"['PerfectM', 'Ego']",Plan 1
Engineer Investments,NOT PAYING,https://engineer-inv.com/?ref=popularhyip,http://engineer-inv.com,1.67%,N/A,30 days,N/A,130,N/A,$1,$500,5.00%,"['PerfectM', 'BitCoin', 'Ego', 'Stp']",Plan 1
Brows & CO Corp,NOT PAYING,https://browsgroup.com/?userid=33,http://browsgroup.com,0.25%,N/A,lifetime,N/A,118,N/A,$50,$30000,5.00%,"['PerfectM', 'Bankwire', 'BitCoin', 'Ego']",Plan 2
E-profitex,NOT PAYING,https://e-profitex.com/?ref=popularhyip,http://e-profitex.com,3.00%,N/A,1 day,N/A,99,N/A,$10,$500,-,"['PerfectM', 'Ego']",Plan 1 - 1
Stable Capital Group,NOT PAYING,https://www.stablecapitalgroup.net/?ref=popularhyip,http://www.stablecapitalgroup.net,1.14%,N/A,100 days,N/A,99,N/A,$1001,$8000,-,"['PerfectM', 'Ego']",Plan 2
Keystone Loans,NOT PAYING,https://keystoneloansdivision.com/?ref=popularhyip,http://keystoneloansdivision.com,0.46%,N/A,80 days,N/A,96,N/A,$0,$1000000,5.00%,"['PerfectM', 'Ego', 'Stp']",Plan 3
E-profitex,NOT PAYING,https://e-profitex.com/?ref=popularhyip,http://e-profitex.com,3.33%,N/A,3 days,N/A,90,N/A,$10,$500,-,"['PerfectM', 'Ego']",Plan 2 - 1
Keystone Loans,NOT PAYING,https://keystoneloansdivision.com/?ref=popularhyip,http://keystoneloansdivision.com,0.39%,N/A,95 days,N/A,86,N/A,$0,$1000000,5.00%,"['PerfectM', 'Ego', 'Stp']",Plan 2
E-profitex,NOT PAYING,https://e-profitex.com/?ref=popularhyip,http://e-profitex.com,3.29%,N/A,7 days,N/A,80,N/A,$10,$500,-,"['PerfectM', 'Ego']",Plan 3 - 1
Keystone Loans,NOT PAYING,https://keystoneloansdivision.com/?ref=popularhyip,http://keystoneloansdivision.com,0.32%,N/A,105 days,N/A,76,N/A,$0,$1000000,5.00%,"['PerfectM', 'Ego', 'Stp']",Plan 1
Green Dollar Tree,NOT PAYING,https://greendollartree.net/index.php?popularhyip,http://greendollartree.net,2.50%,N/A,4 days,N/A,75,N/A,$50,$500,10.00%,"['PerfectM', 'Ego', 'Stp']",Plan 2 - 1
Green Dollar Tree,NOT PAYING,https://greendollartree.net/index.php?popularhyip,http://greendollartree.net,3.00%,N/A,8 days,N/A,75,N/A,$100,$500,10.00%,"['PerfectM', 'Ego', 'Stp']",Plan 3 - 1
Green Dollar Tree,NOT PAYING,https://greendollartree.net/index.php?popularhyip,http://greendollartree.net,2.00%,N/A,2 days,N/A,73,N/A,$10,$500,10.00%,"['PerfectM', 'Ego', 'Stp']",Plan 1 - 1
DeltaTraders,NOT PAYING,https://delta-traders.net/?ref=42115,http://delta-traders.net,0.83%,N/A,30 days,N/A,72,N/A,$10,$1000000,-,"['PerfectM', 'Stp']",Plan 1
Hunting-Fund,NOT PAYING,https://hunting-fund.com/?ref=popularhyip,http://hunting-fund.com,0.70%,N/A,1 day,N/A,65,N/A,$10,$100,1.00%,['PerfectM'],Plan 1 - 1
MDLFUND,NOT PAYING,https://mdlfund.com/?ref=popularhyip,http://mdlfund.com,3.00%,N/A,1 day,N/A,65,N/A,$10,$500,2.00%,"['PerfectM', 'Ego']",Plan 1 - 1
Hunting-Fund,NOT PAYING,https://hunting-fund.com/?ref=popularhyip,http://hunting-fund.com,1.00%,N/A,5 days,N/A,64,N/A,$10,$100,1.00%,['PerfectM'],Plan 3 - 1
Hunting-Fund,NOT PAYING,https://hunting-fund.com/?ref=popularhyip,http://hunting-fund.com,0.83%,N/A,3 days,N/A,62,N/A,$10,$100,1.00%,['PerfectM'],Plan 2 - 1
ValuePathFinance,NOT PAYING,https://valuepathfinance.com/?ref=popularhyip,http://valuepathfinance.com,0.71%,N/A,60 days,N/A,60,N/A,$10,$2000,5.00%,"['PerfectM', 'Ego']",Plan 1
Vast Earn,NOT PAYING,http://vastearn.biz/?ref=popularhyip,http://vastearn.biz,4.00%,N/A,1 day,N/A,59,N/A,$10,$500,4.00%,"['PerfectM', 'Ego']",Plan 1 - 1
MDLFUND,NOT PAYING,https://mdlfund.com/?ref=popularhyip,http://mdlfund.com,3.33%,N/A,3 days,N/A,59,N/A,$10,$500,2.00%,"['PerfectM', 'Ego']",Plan 2 - 1
Vast Earn,NOT PAYING,http://vastearn.biz/?ref=popularhyip,http://vastearn.biz,6.00%,N/A,5 days,N/A,59,N/A,$100,$1000,4.00%,"['PerfectM', 'Ego']",Plan 3 - 1
Stable Capital Group,NOT PAYING,https://www.stablecapitalgroup.net/?ref=popularhyip,http://www.stablecapitalgroup.net,1.36%,N/A,120 days,N/A,55,N/A,$8001,$65000,-,"['PerfectM', 'Ego']",Plan 3
Forex Prestige,NOT PAYING,https://forex-prestige.com/?ref=popularhyip,http://forex-prestige.com,5.29%,N/A,7 days,N/A,54,N/A,$10,$500,3.00%,"['PerfectM', 'Ego']",Plan 3 - 1
ValuePathFinance,NOT PAYING,https://valuepathfinance.com/?ref=popularhyip,http://valuepathfinance.com,1.43%,N/A,90 days,N/A,53,N/A,$2001,$5000,5.00%,"['PerfectM', 'Ego']",Plan 2
GoldDailyPay,NOT PAYING,http://www.golddailypay.com/?ref=popularhyip,http://www.golddailypay.com,0.89%,N/A,90 days,N/A,52,N/A,$5,$25000,8.00%,"['PerfectM', 'Ego', 'Stp']",Plan 1
Forex Prestige,NOT PAYING,https://forex-prestige.com/?ref=popularhyip,http://forex-prestige.com,3.00%,N/A,1 day,N/A,52,N/A,$10,$500,3.00%,"['PerfectM', 'Ego']",Plan 1 - 1
Forex Prestige,NOT PAYING,https://forex-prestige.com/?ref=popularhyip,http://forex-prestige.com,4.00%,N/A,3 days,N/A,52,N/A,$10,$500,3.00%,"['PerfectM', 'Ego']",Plan 2 - 1
MDLFUND,NOT PAYING,https://mdlfund.com/?ref=popularhyip,http://mdlfund.com,3.29%,N/A,7 days,N/A,52,N/A,$10,$500,2.00%,"['PerfectM', 'Ego']",Plan 3 - 1
Maxim FX Group,NOT PAYING,https://maximfxgroup.com/?ref=popularhyip,http://maximfxgroup.com,2.00%,N/A,20 days,N/A,52,N/A,$50,$1000,4.00%,['PerfectM'],Plan 2
ProvisionStock,NOT PAYING,https://www.provisionstock.com/index.php?ref=214,http://www.provisionstock.com,2.43%,N/A,60 days,N/A,52,N/A,$79,$199,-,"['Ego', 'Stp']",Plan 3
Maxim FX Group,NOT PAYING,https://maximfxgroup.com/?ref=popularhyip,http://maximfxgroup.com,1.50%,N/A,10 days,N/A,50,N/A,$10,$500,4.00%,['PerfectM'],Plan 1
Hyip Roads,NOT PAYING,https://hyiproads.com/?ref=popularhyip,http://hyiproads.com,9.00%,N/A,2 days,N/A,49,N/A,$5,$500,6.00%,"['PerfectM', 'Ego']",Plan 2 - 1
AdBitrage,NOT PAYING,https://www.ad-bitrage.com/?ref=popularhyip,http://www.ad-bitrage.com,2.50%,N/A,100 days,N/A,48,N/A,$20,$1000000,10.00%,"['PerfectM', 'Ego']",Plan 1
ProvisionStock,NOT PAYING,https://www.provisionstock.com/index.php?ref=214,http://www.provisionstock.com,2.16%,N/A,60 days,N/A,48,N/A,$49,$79,-,"['Ego', 'Stp']",Plan 2
Hyip Roads,NOT PAYING,https://hyiproads.com/?ref=popularhyip,http://hyiproads.com,10.00%,N/A,4 days,N/A,47,N/A,$5,$500,6.00%,"['PerfectM', 'Ego']",Plan 3 - 1
Maxim FX Group,NOT PAYING,https://maximfxgroup.com/?ref=popularhyip,http://maximfxgroup.com,2.50%,N/A,30 days,N/A,47,N/A,$300,$3000,4.00%,['PerfectM'],Plan 3
Vast Earn,NOT PAYING,http://vastearn.biz/?ref=popularhyip,http://vastearn.biz,3.33%,N/A,3 days,N/A,46,N/A,$50,$500,4.00%,"['PerfectM', 'Ego']",Plan 2 - 1
ProvisionStock,NOT PAYING,https://www.provisionstock.com/index.php?ref=214,http://www.provisionstock.com,1.90%,N/A,65 days,N/A,45,N/A,$5,$49,-,"['Ego', 'Stp']",Plan 1
ValuePathFinance,NOT PAYING,https://valuepathfinance.com/?ref=popularhyip,http://valuepathfinance.com,1.79%,N/A,180 days,N/A,43,N/A,$5001,$1000000,5.00%,"['PerfectM', 'Ego']",Plan 3
BetsPlus,NOT PAYING,https://betsplus.co/?ref=popularhyip,http://betsplus.co,1.40%,N/A,25 days,N/A,38,N/A,$10,$300,-,"['PerfectM', 'Ego']",Plan 1
INVHYIPS,NOT PAYING,http://investmenthyips.com/?ref=popularhyip,http://investmenthyips.com,10.00%,N/A,5 days,N/A,35,N/A,$1000,$10000,5.00%,"['PerfectM', 'BitCoin', 'Ego']",Plan 3
Hyip Roads,NOT PAYING,https://hyiproads.com/?ref=popularhyip,http://hyiproads.com,4.00%,N/A,1 day,N/A,34,N/A,$6,$500,6.00%,"['PerfectM', 'Ego']",Plan 1 - 1
Modern Art Capital,NOT PAYING,https://artcapital.biz/?ref=popularhyip,http://artcapital.biz,7.00%,N/A,15 days,N/A,34,N/A,$10,$10000,-,['PerfectM'],Plan 3
INVHYIPS,NOT PAYING,http://investmenthyips.com/?ref=popularhyip,http://investmenthyips.com,5.00%,N/A,10 days,N/A,34,N/A,$101,$499,5.00%,"['PerfectM', 'BitCoin', 'Ego']",Plan 2 - 1
BetsPlus,NOT PAYING,https://betsplus.co/?ref=popularhyip,http://betsplus.co,1.80%,N/A,50 days,N/A,33,N/A,$301,$1000,-,"['PerfectM', 'Ego']",Plan 2
InflexShares,NOT PAYING,https://inflexshares.com/?ref=IFSpopularhyip,http://inflexshares.com,0.33%,N/A,60 days,N/A,31,N/A,$10,$2999,-,"['PerfectM', 'Ego', 'Stp']",Plan 1
Modern Art Capital,NOT PAYING,https://artcapital.biz/?ref=popularhyip,http://artcapital.biz,5.00%,N/A,7 days,N/A,31,N/A,$10,$10000,-,['PerfectM'],Plan 2
INVHYIPS,NOT PAYING,http://investmenthyips.com/?ref=popularhyip,http://investmenthyips.com,3.33%,N/A,6 days,N/A,30,N/A,$1,$499,5.00%,"['PerfectM', 'BitCoin', 'Ego']",Plan 1 - 1
